{
  "profit_factor": 4.0131578947368425,
  "total_trades": 1151,
  "long_trades": 442,
  "short_trades": 709,
  "long_win_rate": 0.4072398190045249,
  "short_win_rate": 0.6064880112834978,
  "total_wins": 610,
  "total_losses": 152
}